Animal,Extinction Frame,SSIM Index,Final state check,Initial Entropy,Final Entropy,params
Orbium unicaudatus,-1,0.9855122495384302,stable,0.04288232846341135,0.04202879662755917,"{'R': 13, 'T': 10, 'b': '1', 'm': 0.15, 's': 0.017}"
Orbium unicaudatus ignis,56,,,0.03850161402548787,,"{'R': 13, 'T': 10, 'b': '1', 'm': 0.11, 's': 0.012}"
Orbium bicaudatus,-1,0.9847471062342339,stable,0.03852538509139772,0.040014454608831004,"{'R': 13, 'T': 10, 'b': '1', 'm': 0.15, 's': 0.014}"
Orbium bicaudatus ignis,67,,,0.03172139863381943,,"{'R': 13, 'T': 10, 'b': '1', 'm': 0.1, 's': 0.008}"
Gyrorbium gyrans,-1,0.9875912192705147,stable,0.047704158466203815,0.04868815487807919,"{'R': 13, 'T': 10, 'b': '1', 'm': 0.156, 's': 0.0224}"
Gyrorbium labans,-1,0.052959892869923565,soup,0.04367335422871196,0.921177952970555,"{'R': 13, 'T': 10, 'b': '1', 'm': 0.133, 's': 0.0177}"
Vagorbium vagus,-1,0.22326896006413416,soup,0.1178126218473139,1.0747408594233137,"{'R': 20, 'T': 10, 'b': '1', 'm': 0.2, 's': 0.031}"
Synorbium,-1,0.9704687410594036,stable,0.07255164071234037,0.07272420469844432,"{'R': 13, 'T': 10, 'b': '1', 'm': 0.152, 's': 0.0156}"
Tetrasynorbium?,-1,0.839400162756633,stable,0.4325806283906807,0.44156870340265386,"{'R': 26, 'T': 10, 'b': '1', 'm': 0.15, 's': 0.0149}"
Parorbium dividuus,-1,0.9647996153335727,stable,0.09304019204695735,0.09589752531962058,"{'R': 13, 'T': 10, 'b': '1', 'm': 0.184, 's': 0.025}"
Parorbium dividuus pedes,-1,0.9685776822226048,stable,0.06467388089836518,0.06691702984295092,"{'R': 13, 'T': 10, 'b': '1', 'm': 0.11, 's': 0.011}"
Parorbium adhaerens,-1,0.966404876888065,stable,0.10506509879346525,0.10777277843612167,"{'R': 13, 'T': 10, 'b': '1', 'm': 0.23, 's': 0.0323}"
Triorbium(?),-1,0.8639552001896941,stable,0.3095135357686696,0.29929623056393706,"{'R': 26, 'T': 10, 'b': '1', 'm': 0.114, 's': 0.0115}"
Scutium solidus,-1,0.9844957607510816,stable,0.046043784480305716,0.04672799680678883,"{'R': 13, 'T': 10, 'b': '1', 'm': 0.29, 's': 0.045}"
Scutium valvatus,150,,,0.05033736592203318,,"{'R': 13, 'T': 10, 'b': '1', 'm': 0.282, 's': 0.0448}"
Scutium serratus fluens,-1,0.9851644437882975,stable,0.04793438460650446,0.048693492416558744,"{'R': 18, 'T': 10, 'b': '1/12,1/6,1/2,1', 'm': 0.32, 's': 0.0575}"
Scutium serratus vagus,-1,0.9865305932704133,stable,0.030631775730953173,0.04016113628383765,"{'R': 10, 'T': 10, 'b': '1/2,1', 'm': 0.27, 's': 0.044}"
Scutium serratus saliens,-1,0.9744458857926224,stable,0.07667412286176674,0.07663696470260793,"{'R': 18, 'T': 10, 'b': '1/2,1', 'm': 0.24, 's': 0.036}"
Scutium serratus solidus,-1,0.9853563303261809,stable,0.0484248493297787,0.05006260431838746,"{'R': 10, 'T': 10, 'b': '1/2,1', 'm': 0.32, 's': 0.06}"
Scutium serratus fluens,10,,,0.04793438460650446,,"{'R': 18, 'T': 10, 'b': '1/12,1/6,1/2,1', 'm': 0.32, 's': 0.0575}"
Scutium serratus fluens,10,,,0.04793438460650446,,"{'R': 18, 'T': 10, 'b': '1/12,1/6,1/2,1', 'm': 0.32, 's': 0.0575}"
Discutium solidus,-1,0.9731691910653318,stable,0.08629241369395359,0.08980351994227193,"{'R': 13, 'T': 10, 'b': '1', 'm': 0.356, 's': 0.063}"
Discutium valvatus,-1,0.025670137125583713,soup,0.08867396805235697,1.5522966193446865,"{'R': 13, 'T': 10, 'b': '1', 'm': 0.337, 's': 0.0595}"
Discutium serratus,-1,0.894941600491921,stable,0.08038758018497368,0.5337530685200845,"{'R': 13, 'T': 10, 'b': '5/12,1,1/2', 'm': 0.272, 's': 0.0375}"
Discutium serratus,-1,0.9689523157208905,stable,0.08038758018497368,0.10587884851198581,"{'R': 13, 'T': 10, 'b': '5/12,1,1/2', 'm': 0.272, 's': 0.0375}"
Triscutium solidus,-1,0.9622884948345448,stable,0.12425024399313711,0.13146169635652177,"{'R': 13, 'T': 10, 'b': '1', 'm': 0.4, 's': 0.079}"
Triscutium valvatus centrale,-1,0.9654499417189835,stable,0.11279113396855041,0.11780243020422788,"{'R': 13, 'T': 10, 'b': '1', 'm': 0.377, 's': 0.0697}"
Triscutium valvatus laterale,-1,0.9658889859567356,stable,0.11447787610026744,0.11643530377834736,"{'R': 13, 'T': 10, 'b': '1', 'm': 0.365, 's': 0.0653}"
Triscutium serratus valvatus centrale,-1,0.9653950565546525,stable,0.11564055816524312,0.11679947458390656,"{'R': 10, 'T': 10, 'b': '1/2,1', 'm': 0.36, 's': 0.061}"
Triscutium serratus valvatus laterale,-1,0.9647096238735492,stable,0.10976973487267973,0.12036080893562377,"{'R': 10, 'T': 10, 'b': '1/2,1', 'm': 0.35, 's': 0.059}"
Tetrascutium solidus,-1,0.9183088462218607,stable,0.1683370510138073,0.42626489112722216,"{'R': 13, 'T': 10, 'b': '1', 'm': 0.422, 's': 0.0878}"
Tetrascutium valvatus,-1,0.9540184689575714,stable,0.15214961784130132,0.16384469394031656,"{'R': 13, 'T': 10, 'b': '1', 'm': 0.396, 's': 0.0764}"
Pentascutium solidus,-1,0.9423591483293248,stable,0.19297716832267073,0.20206401604242533,"{'R': 13, 'T': 10, 'b': '1', 'm': 0.422, 's': 0.0858}"
Pentascutium valvatus,-1,0.9228095486413594,stable,0.19486786057040054,0.3550441812298357,"{'R': 13, 'T': 10, 'b': '1', 'm': 0.407, 's': 0.0806}"
Hexascutium,-1,0.931320754791851,stable,0.2333071641100946,0.23963182954729081,"{'R': 13, 'T': 10, 'b': '1', 'm': 0.46, 's': 0.1}"
Heptascutium,-1,0.9204018406119184,stable,0.27332597135782466,0.2836077283382684,"{'R': 13, 'T': 10, 'b': '1', 'm': 0.49, 's': 0.112}"
Octascutium,-1,0.5075386574219446,soup,0.32395004987933584,1.4855316822114284,"{'R': 13, 'T': 10, 'b': '1', 'm': 0.49, 's': 0.112}"
Octascutium obliquus,-1,0.11936372006541371,soup,0.33758916595102456,1.746626711923258,"{'R': 13, 'T': 10, 'b': '1', 'm': 0.48, 's': 0.11}"
Nonascutium,-1,0.8885234858390334,stable,0.36353102513264296,0.3733160187865863,"{'R': 13, 'T': 10, 'b': '1', 'm': 0.48, 's': 0.108}"
Decascutium,-1,0.8753542652899793,stable,0.4002922612635767,0.40937554574882834,"{'R': 13, 'T': 10, 'b': '1', 'm': 0.48, 's': 0.108}"
Dodecascutium,-1,0.24781099052558878,soup,0.473298104790611,1.7917734823427391,"{'R': 13, 'T': 10, 'b': '1', 'm': 0.48, 's': 0.108}"
Tetradecascutium,-1,0.10298284213581375,soup,0.5474159605740488,1.8518152800338805,"{'R': 13, 'T': 10, 'b': '1', 'm': 0.47, 's': 0.106}"
Tetracosascutium,-1,0.08185967441425285,soup,0.852049666432689,2.04843802239277,"{'R': 13, 'T': 10, 'b': '1', 'm': 0.47, 's': 0.105}"
Catenoscutium bidirectus,91,,,0.06433069118647747,,"{'R': 13, 'T': 10, 'b': '1', 'm': 0.29, 's': 0.043}"
Gyropteron arcus,-1,0.9853529595077958,stable,0.05765690367705048,0.05144696670414059,"{'R': 13, 'T': 10, 'b': '1', 'm': 0.283, 's': 0.0481}"
Gyropteron cavus,-1,0.9859758344758054,stable,0.05407026004759412,0.060543925268810465,"{'R': 13, 'T': 10, 'b': '1', 'm': 0.25, 's': 0.04}"
Gyropteron serratus velox,-1,0.9868988843718672,stable,0.06628574854682051,0.06702058954235089,"{'R': 18, 'T': 10, 'b': '1/12,1/4,1/2,1', 'm': 0.21, 's': 0.032}"
Gyropteron serratus turbulentus,-1,0.9864120977786154,stable,0.05551020567877556,0.017427738147954227,"{'R': 10, 'T': 10, 'b': '1/2,1', 'm': 0.21, 's': 0.028}"
Gyropteron serratus velox,11,,,0.06628574854682051,,"{'R': 18, 'T': 10, 'b': '1/12,1/4,1/2,1', 'm': 0.21, 's': 0.032}"
Gyropteron serratus velox,10,,,0.06628574854682051,,"{'R': 18, 'T': 10, 'b': '1/12,1/4,1/2,1', 'm': 0.21, 's': 0.032}"
Synptera cavus saliens,-1,0.9732090126998241,stable,0.08881061450342748,0.0835129613105034,"{'R': 13, 'T': 10, 'b': '1', 'm': 0.26, 's': 0.038}"
Synptera cavus pedes,-1,0.9118520859196813,stable,0.09813621816315479,0.3724278838445472,"{'R': 13, 'T': 10, 'b': '1', 'm': 0.238, 's': 0.0398}"
Synptera sinus pedes,-1,0.9691052675284461,stable,0.08980152327005389,0.08371626495109254,"{'R': 13, 'T': 10, 'b': '1', 'm': 0.22, 's': 0.034}"
Pyroscutium arcus pedes,-1,0.9712409467930633,stable,0.10392006163848141,0.09986705574427748,"{'R': 13, 'T': 10, 'b': '1', 'm': 0.331, 's': 0.0543}"
Pyroscutium ambiguus,-1,0.9691167504253124,stable,0.09776223824917527,0.10643387948585703,"{'R': 13, 'T': 10, 'b': '1', 'm': 0.349, 's': 0.0605}"
Synptera serratus arcus pedes,-1,0.9650725874088267,stable,0.1083927510058997,0.1106060739607713,"{'R': 10, 'T': 10, 'b': '1/2,1', 'm': 0.31, 's': 0.055}"
Synptera serratus cavus labens,-1,0.9659324308266988,stable,0.10426625887748611,0.10514572080409072,"{'R': 10, 'T': 10, 'b': '1/2,1', 'm': 0.27, 's': 0.047}"
Synptera serratus cavus saliens,-1,0.9678256220184704,stable,0.0935158245226982,0.09986358985297959,"{'R': 10, 'T': 10, 'b': '1/2,1', 'm': 0.25, 's': 0.038}"
Synptera serratus sinus labens,-1,0.9702075790081851,stable,0.0914816133065025,0.08995553379482886,"{'R': 10, 'T': 10, 'b': '1/2,1', 'm': 0.24, 's': 0.037}"
Synptera serratus sinus pedes,-1,0.9628108422482748,stable,0.1086182059180656,0.10621046385011587,"{'R': 10, 'T': 10, 'b': '1/12,1/2,1', 'm': 0.24, 's': 0.038}"
Pyroscutium ambiguus serratus,-1,0.9600556385843915,stable,0.1227511860642511,0.16578029895034513,"{'R': 13, 'T': 10, 'b': '5/12,1,1/2', 'm': 0.304, 's': 0.046}"
Paraptera arcus labens,-1,0.9613119477980644,stable,0.1331986688264595,0.13819733706132792,"{'R': 13, 'T': 10, 'b': '1', 'm': 0.357, 's': 0.059}"
Paraptera arcus saliens,-1,0.9582024234118252,stable,0.13756410906258415,0.14640617196906527,"{'R': 13, 'T': 10, 'b': '1', 'm': 0.33, 's': 0.0565}"
Paraptera arcus saliens ignis,-1,0.962815040868547,stable,0.11074382217497733,0.1333215269805801,"{'R': 13, 'T': 10, 'b': '1', 'm': 0.313, 's': 0.05}"
Paraptera arcus pedes,-1,0.9559416615760428,stable,0.15035868691515267,0.15766640755025516,"{'R': 13, 'T': 10, 'b': '1', 'm': 0.362, 's': 0.0665}"
Paraptera cavus labens,-1,0.9648871924996035,stable,0.11763823289399518,0.12057612029698919,"{'R': 13, 'T': 10, 'b': '1', 'm': 0.329, 's': 0.0481}"
Paraptera cavus salien,-1,0.9651841892689541,stable,0.10299730388942312,0.10380308430427834,"{'R': 13, 'T': 10, 'b': '1', 'm': 0.261, 's': 0.0372}"
Paraptera cavus pedes,-1,0.9649362492498533,stable,0.11544620736859998,0.11752144012815774,"{'R': 13, 'T': 10, 'b': '1', 'm': 0.301, 's': 0.0454}"
Paraptera cavus furiosus,-1,0.966265050082125,stable,0.10925423330750365,0.10983071888532833,"{'R': 13, 'T': 10, 'b': '1', 'm': 0.297, 's': 0.0405}"
Paraptera orbis pedes,-1,0.9642765900390645,stable,0.10705045334480087,0.11039078233476429,"{'R': 13, 'T': 10, 'b': '1', 'm': 0.246, 's': 0.037}"
Paraptera orbis furiosus,-1,0.9677538875002167,stable,0.10091755811498325,0.09958782352877109,"{'R': 13, 'T': 10, 'b': '1', 'm': 0.235, 's': 0.0323}"
Paraptera sinus labens,119,,,0.11449121718720649,,"{'R': 13, 'T': 10, 'b': '1', 'm': 0.33, 's': 0.0462}"
Paraptera sinus pedes,-1,0.9643311640596017,stable,0.10787810389183923,0.11305925317858978,"{'R': 13, 'T': 10, 'b': '1', 'm': 0.313, 's': 0.041}"
Paraptera ambiguus,479,,,0.14189022982315416,,"{'R': 13, 'T': 10, 'b': '1', 'm': 0.374, 's': 0.0675}"
Paraptera serratus arcus saliens,-1,0.9603827810424441,stable,0.13106855909040427,0.147242963110125,"{'R': 10, 'T': 10, 'b': '1/2,1', 'm': 0.34, 's': 0.059}"
Pentapteryx arcus labens,-1,0.9515211840942612,stable,0.1690897771865714,0.17271577623689544,"{'R': 13, 'T': 10, 'b': '1', 'm': 0.373, 's': 0.0645}"
Pentapteryx arcus saliens,-1,0.9457339835425161,stable,0.18606708601433627,0.18931763861166295,"{'R': 13, 'T': 10, 'b': '1', 'm': 0.348, 's': 0.0631}"
Pentapteryx arcus pedes,-1,0.21366695159156665,soup,0.1901221037666928,1.8677860876124528,"{'R': 13, 'T': 10, 'b': '1', 'm': 0.32, 's': 0.0567}"
Pentapteryx cavus labens,141,,,0.14265623856046097,,"{'R': 13, 'T': 10, 'b': '1', 'm': 0.34, 's': 0.05}"
Pentapteryx cavus saliens,-1,0.9545340742446196,stable,0.14761035711849388,0.14691427111714056,"{'R': 13, 'T': 10, 'b': '1', 'm': 0.298, 's': 0.0469}"
Pentapteryx cavus pedes,-1,0.9509996139453591,stable,0.15613446502051462,0.16568023952722072,"{'R': 13, 'T': 10, 'b': '1', 'm': 0.322, 's': 0.0531}"
Pentapteryx cavus furiosus,-1,0.9574337007754743,stable,0.13223784068899094,0.1360287122015793,"{'R': 13, 'T': 10, 'b': '1', 'm': 0.285, 's': 0.0408}"
Pentapteryx arcus valvatus,401,,,0.17506634129642984,,"{'R': 13, 'T': 10, 'b': '1', 'm': 0.383, 's': 0.0695}"
Pentapteryx serratus cavus labens,-1,0.953351798414907,stable,0.1572675471768412,0.16150164610980278,"{'R': 10, 'T': 10, 'b': '1/2,1', 'm': 0.34, 's': 0.056}"
Hexapteryx arcus labens,-1,0.9376325931682367,stable,0.21623679442263394,0.2208093426200711,"{'R': 13, 'T': 10, 'b': '1', 'm': 0.38, 's': 0.07}"
Hexapteryx cavus labens,138,,,0.16355695177917765,,"{'R': 13, 'T': 10, 'b': '1', 'm': 0.34, 's': 0.05}"
Hexapteryx serratus cavus labens,-1,0.9378097356205064,stable,0.19340477953629667,0.19686545746337078,"{'R': 10, 'T': 10, 'b': '1/2,1', 'm': 0.36, 's': 0.062}"
Heptapteryx arcus labens,-1,0.9263909777491465,stable,0.24369234250017374,0.2521977927743502,"{'R': 13, 'T': 10, 'b': '1', 'm': 0.38, 's': 0.07}"
Heptapteryx cavus labens,-1,0.9407890801030065,stable,0.18870611709202345,0.19443632049996787,"{'R': 13, 'T': 10, 'b': '1', 'm': 0.34, 's': 0.05}"
Heptapteryx cavus labens cunctans,162,,,0.18406357107337568,,"{'R': 13, 'T': 10, 'b': '1', 'm': 0.333, 's': 0.048}"
Heptapteryx serratus cavus labens,-1,0.06534152730021993,soup,0.21895390746513074,1.6260118164746034,"{'R': 10, 'T': 10, 'b': '1/2,1', 'm': 0.36, 's': 0.061}"
Heptapteryx serratus liquefaciens,-1,0.9281728559687573,stable,0.19919563931774217,0.2192952629817984,"{'R': 10, 'T': 10, 'b': '3/4,1,1', 'm': 0.34, 's': 0.051}"
Octapteryx arcus labens,-1,0.9162630522694588,stable,0.2730302529328037,0.2845815998333097,"{'R': 13, 'T': 10, 'b': '1', 'm': 0.38, 's': 0.07}"
Octapteryx cavus labens,461,,,0.21099348381861985,,"{'R': 13, 'T': 10, 'b': '1', 'm': 0.34, 's': 0.05}"
Octapteryx serratus cavus labens,-1,0.91841141142259,stable,0.25403860565237235,0.2583995137335263,"{'R': 10, 'T': 10, 'b': '1/2,1', 'm': 0.38, 's': 0.065}"
Nonapteryx arcus labens,-1,0.9060875384976518,stable,0.3032384512683197,0.3143231463391832,"{'R': 13, 'T': 10, 'b': '1', 'm': 0.38, 's': 0.07}"
Nonapteryx cavus labens,-1,0.9192758845722137,stable,0.24677581022916925,0.2530243770817963,"{'R': 13, 'T': 10, 'b': '1', 'm': 0.34, 's': 0.053}"
Nonapteryx serratus cavus labens,-1,0.9077275375619732,stable,0.295606353251781,0.30113121739264215,"{'R': 10, 'T': 10, 'b': '1/2,1', 'm': 0.39, 's': 0.068}"
Nonapteryx serratus sinus labens,-1,0.9098811669895661,stable,0.2767230497518019,0.28133637901031255,"{'R': 10, 'T': 10, 'b': '1/2,1', 'm': 0.38, 's': 0.064}"
Decapteryx arcus labens,-1,0.8991339505803294,stable,0.33761266106933424,0.34487761577534404,"{'R': 13, 'T': 10, 'b': '1', 'm': 0.38, 's': 0.07}"
Decapteryx cavus labens,-1,0.9104005479380456,stable,0.26741012823615606,0.2775257824355924,"{'R': 13, 'T': 10, 'b': '1', 'm': 0.34, 's': 0.053}"
Decapteryx serratus sinus labens,-1,0.8965987354547285,stable,0.3388602484627402,0.3464075019254722,"{'R': 10, 'T': 10, 'b': '1/2,1', 'm': 0.39, 's': 0.07}"
Tridecapteryx arcus valvatus,-1,0.8435200064624266,stable,0.4351623905437589,0.6589124626519821,"{'R': 13, 'T': 10, 'b': '1', 'm': 0.402, 's': 0.0798}"
Tetracosapteryx arcus labens,-1,0.7437622528635462,stable,0.7020834579229899,0.7403119559851823,"{'R': 13, 'T': 10, 'b': '1', 'm': 0.38, 's': 0.07}"
Tetracosapteryx cavus labens,-1,0.7888052402769676,stable,0.5578801214801036,0.5830050347189903,"{'R': 13, 'T': 10, 'b': '1', 'm': 0.34, 's': 0.053}"
Hexacaudopteryx,-1,0.743124636853666,soup,0.2575546930046323,0.8994017384877853,"{'R': 13, 'T': 10, 'b': '1', 'm': 0.35, 's': 0.048}"
Hexacaudopteryx serratus cavus labens,-1,0.9273752041173285,stable,0.2241134191457846,0.22615130452890525,"{'R': 10, 'T': 10, 'b': '1/2,1', 'm': 0.36, 's': 0.063}"
Octacaudopteryx serratus cavus labens,-1,0.9082690771975969,stable,0.27443736114106965,0.28156857983270983,"{'R': 10, 'T': 10, 'b': '1/2,1', 'm': 0.38, 's': 0.064}"
Decacaudopteryx serratus sinus labens,-1,0.15196283891785575,soup,0.3398801411918951,1.8100278452031826,"{'R': 10, 'T': 10, 'b': '1/2,1', 'm': 0.38, 's': 0.065}"
Catenopteryx cyclon,-1,0.004202479834696796,soup,0.11654955906463568,1.280722565765494,"{'R': 13, 'T': 5, 'b': '1', 'm': 0.34, 's': 0.045}"
Catenopteryx cyclon scutoides,-1,1.1303656771850897e-05,soup,0.1336217669671668,1.0755944499335974,"{'R': 13, 'T': 5, 'b': '1', 'm': 0.38, 's': 0.07}"
Catenopteryx cinguli,-1,0.7900089152210497,stable,0.6159842713267755,0.634962006061227,"{'R': 13, 'T': 5, 'b': '1', 'm': 0.38, 's': 0.07}"
Catenopteryx serratus cinguli,393,,,0.3414034298829278,,"{'R': 10, 'T': 10, 'b': '1/2,1', 'm': 0.38, 's': 0.062}"
Helicium solidus,-1,0.9804793425726185,stable,0.1074098810998033,0.10694524966417157,"{'R': 13, 'T': 10, 'b': '1', 'm': 0.35, 's': 0.059}"
Helicium arcus saliens,-1,0.9772279762455804,stable,0.10034666292280392,0.10547545601218207,"{'R': 13, 'T': 10, 'b': '1', 'm': 0.3, 's': 0.0474}"
Helicium arcus saliens ignis,-1,0.011007814917041663,soup,0.10965293522565689,1.1487683153337254,"{'R': 13, 'T': 10, 'b': '1', 'm': 0.323, 's': 0.0577}"
Helicium arcus pedes,-1,0.9891701195226081,stable,0.10438979855947167,0.10971327674693074,"{'R': 13, 'T': 10, 'b': '1', 'm': 0.3, 's': 0.0505}"
Helicium cavus pedes,-1,0.02676371341796494,soup,0.08976104603849465,1.288977528085689,"{'R': 13, 'T': 10, 'b': '1', 'm': 0.22, 's': 0.034}"
Helicium serratus ocellus,-1,0.9763715974411958,stable,0.10504208706347973,0.10671626534604316,"{'R': 10, 'T': 10, 'b': '1/2,1', 'm': 0.31, 's': 0.048}"
Helicium serratus velox,-1,0.987980897780769,stable,0.10498376649261604,0.10581105661328412,"{'R': 10, 'T': 10, 'b': '1/2,1', 'm': 0.29, 's': 0.047}"
Helicium serratus turbulentus,-1,0.982475042041184,stable,0.10639766859416831,0.10075247249963462,"{'R': 18, 'T': 10, 'b': '1/4,1/2,3/4,1', 'm': 0.2, 's': 0.02}"
Helicium serratus turbulentus,13,,,0.10639766859416831,,"{'R': 18, 'T': 10, 'b': '1/4,1/2,3/4,1', 'm': 0.2, 's': 0.02}"
Helicium serratus turbulentus,15,,,0.10639766859416831,,"{'R': 18, 'T': 10, 'b': '1/4,1/2,3/4,1', 'm': 0.2, 's': 0.02}"
Pentahelicium solidus,360,,,0.1494202034782192,,"{'R': 13, 'T': 10, 'b': '1', 'm': 0.35, 's': 0.048}"
Pentahelicium ignis,-1,0.9563211247304289,stable,0.16093203963762612,0.16529685577287523,"{'R': 13, 'T': 10, 'b': '1', 'm': 0.32, 's': 0.039}"
Pentahelicium serratus limus,-1,0.9536276156453183,stable,0.16427052768720768,0.1651337599914676,"{'R': 10, 'T': 10, 'b': '1/2,1', 'm': 0.37, 's': 0.06}"
Heptahelicium solidus,-1,0.9515805222535839,stable,0.2357243879022309,0.23380439574300718,"{'R': 13, 'T': 10, 'b': '1', 'm': 0.38, 's': 0.055}"
Heptahelicium ignis,-1,0.9296419400296926,stable,0.24486342954610787,0.25520396678307916,"{'R': 13, 'T': 10, 'b': '1', 'm': 0.37, 's': 0.053}"
Heptahelicium serratus limus,-1,0.9272569393513252,stable,0.23286217172033083,0.2356352143795915,"{'R': 10, 'T': 10, 'b': '1/2,1', 'm': 0.37, 's': 0.058}"
Nonahelicium solidus,-1,0.8885759738426854,stable,0.3477700541173302,0.3546438669660734,"{'R': 13, 'T': 10, 'b': '1', 'm': 0.4, 's': 0.063}"
Nonahelicium ignis,-1,0.9071737266355874,stable,0.30128399874997464,0.3184614805755896,"{'R': 13, 'T': 10, 'b': '1', 'm': 0.372, 's': 0.0496}"
Nonahelicium serratus,-1,0.9096986572962259,stable,0.27804973811088823,0.2720734202216737,"{'R': 10, 'T': 10, 'b': '1/2,1', 'm': 0.39, 's': 0.064}"
Tetrahelicium(?),124,,,0.15494597831658674,,"{'R': 13, 'T': 10, 'b': '1', 'm': 0.372, 's': 0.0575}"
Tetrahelicium serratus,-1,0.9809421189219409,stable,0.12103462340100961,0.027207923450542067,"{'R': 10, 'T': 10, 'b': '1/2,1', 'm': 0.36, 's': 0.058}"
Tetrahelicium serratus fractus,-1,0.974447353376812,stable,0.12164232472331292,0.1216541884878724,"{'R': 10, 'T': 10, 'b': '1/2,1', 'm': 0.31, 's': 0.047}"
Tetrahelicium serratus turbulentus,-1,0.970937517801317,stable,0.11983371379479787,0.11891887728988491,"{'R': 10, 'T': 10, 'b': '1/2,1', 'm': 0.29, 's': 0.043}"
Hexahelicium solidus,225,,,0.20078920358428337,,"{'R': 13, 'T': 10, 'b': '1', 'm': 0.37, 's': 0.05}"
Hexahelicium ignis,-1,0.9451177429442025,stable,0.20464076173797485,0.2104936338041771,"{'R': 13, 'T': 10, 'b': '1', 'm': 0.35, 's': 0.0445}"
Hexahelicium serratus,-1,0.9422057802786861,stable,0.18826445093631494,0.19154230321057886,"{'R': 10, 'T': 10, 'b': '1/2,1', 'm': 0.39, 's': 0.067}"
Octahelicium,-1,0.7400593871977658,soup,0.2684298901963997,1.158521224594397,"{'R': 13, 'T': 10, 'b': '1', 'm': 0.38, 's': 0.055}"
Octahelicium serratus,-1,0.9078122582863958,stable,0.29302598211477315,0.2911303392136289,"{'R': 10, 'T': 10, 'b': '1/2,1', 'm': 0.37, 's': 0.058}"
Decahelicium,-1,0.9129071621375731,stable,0.34569224562148115,0.3555338880534677,"{'R': 13, 'T': 10, 'b': '1', 'm': 0.41, 's': 0.066}"
Decahelicium serratus,-1,0.8867027822328579,stable,0.3406402003462375,0.3472207544744451,"{'R': 10, 'T': 10, 'b': '1/2,1', 'm': 0.41, 's': 0.07}"
Dodecahelicium limus,-1,0.8712679973237943,stable,0.38883777512265,0.392849297497726,"{'R': 13, 'T': 10, 'b': '1', 'm': 0.42, 's': 0.07}"
Catenohelicium monospirae,-1,0.8109816757675576,soup,0.23681405850138096,0.7734095229079584,"{'R': 13, 'T': 10, 'b': '1', 'm': 0.35, 's': 0.0428}"
Catenohelicium bispirae vacuoides,-1,0.004305360770392442,soup,0.17810637328895423,1.13690913365514,"{'R': 13, 'T': 5, 'b': '1', 'm': 0.33, 's': 0.047}"
Catenohelicium bispirae scutoides,-1,0.04213890564131974,soup,0.18597675267817917,1.9630311153083158,"{'R': 13, 'T': 10, 'b': '1', 'm': 0.407, 's': 0.0806}"
Circium lithos apertus,-1,0.9998283370606635,stable,0.011369738959806162,0.012831450413168145,"{'R': 13, 'T': 10, 'b': '1', 'm': 0.16, 's': 0.023}"
Circium lithos opertus,-1,1.0,stable,0.03687450625387198,0.03687450625387198,"{'R': 13, 'T': 10, 'b': '1', 'm': 0.808, 's': 0.367}"
Circium ventilans,-1,0.9976323904017689,stable,0.032779095918538684,0.028023595336199195,"{'R': 13, 'T': 10, 'b': '1', 'm': 0.38, 's': 0.07}"
Circium ventilans tenuis,-1,0.99999598919979,stable,0.011079394534441733,0.012842246764634215,"{'R': 13, 'T': 10, 'b': '1', 'm': 0.146, 's': 0.0199}"
Circium ventilans lateralis,106,,,0.025242565838681265,,"{'R': 13, 'T': 10, 'b': '1', 'm': 0.275, 's': 0.0357}"
Circium ventilans scintillans,172,,,0.02044632234669958,,"{'R': 13, 'T': 10, 'b': '1', 'm': 0.3, 's': 0.0243}"
Circium ventilans cumulans,-1,0.9998391367947794,stable,0.02043818601429869,0.019289214132594473,"{'R': 13, 'T': 10, 'b': '1', 'm': 0.319, 's': 0.0136}"
Circium rupturus,-1,0.1043381628277645,soup,0.023692714114345467,0.6708568713693347,"{'R': 13, 'T': 10, 'b': '1', 'm': 0.079, 's': 0.0107}"
Discutium pachus,-1,0.03865563323576244,soup,0.09839265200741287,1.6261234908857447,"{'R': 13, 'T': 10, 'b': '1', 'm': 0.545, 's': 0.186}"
Trihelicium pachus,-1,0.001788957754936196,soup,0.10776912542034998,1.144842916924967,"{'R': 13, 'T': 10, 'b': '1', 'm': 0.46, 's': 0.119}"
max-fleet,-1,0.7197467035529392,soup,0.8211285109646556,0.8532574459927641,"{'R': 13, 'T': 10, 'b': '1', 'm': 0.337, 's': 0.057}"
Aerogeminium volitans,-1,0.9496943075276552,stable,0.13192541198993393,0.1334845417348633,"{'R': 18, 'T': 10, 'b': '1,11/12', 'm': 0.32, 's': 0.051}"
Aerogeminium ambiguus,-1,0.9496650613186928,stable,0.15002319909953807,0.14564298072109283,"{'R': 18, 'T': 10, 'b': '1,5/6', 'm': 0.29, 's': 0.041}"
Aerogeminium quietus,-1,0.9715259391895015,stable,0.11757490591945895,0.05595900260896584,"{'R': 18, 'T': 10, 'b': '1,1,1', 'm': 0.3, 's': 0.048}"
Aerogeminium labens,-1,0.9556404363080265,stable,0.09903137087978192,0.1040363690736485,"{'R': 18, 'T': 10, 'b': '1,5/6,2/3', 'm': 0.23, 's': 0.026}"
Hydrogeminium limus,-1,0.8188802626891087,soup,0.12722949529975544,0.7956443971850917,"{'R': 18, 'T': 10, 'b': '1,1,1', 'm': 0.26, 's': 0.036}"
Hydrogeminium natans,-1,0.9389988426647583,stable,0.15697199094432443,0.16118142827709211,"{'R': 18, 'T': 10, 'b': '1/2,1,2/3', 'm': 0.26, 's': 0.036}"
Hydrogeminium labens,-1,0.9460332318912655,stable,0.1379669610356448,0.13264374768018541,"{'R': 18, 'T': 10, 'b': '1/2,1,2/3', 'm': 0.31, 's': 0.053}"
Spinogeminium solidus,-1,0.9626351009415179,stable,0.08418600019905426,0.08330157099313162,"{'R': 18, 'T': 10, 'b': '3/4,1,1/2', 'm': 0.216, 's': 0.0252}"
Spinogeminium limus,-1,0.9732515075690188,stable,0.07962811566666417,0.04374216247941753,"{'R': 18, 'T': 10, 'b': '3/4,1,1/2', 'm': 0.195, 's': 0.0198}"
Gyrogeminium velox,-1,0.9446329142917267,stable,0.1906023729814057,0.19017164607935363,"{'R': 18, 'T': 10, 'b': '1,1,1', 'm': 0.25, 's': 0.034}"
Gyrogeminium tardus,-1,0.9640777972282258,stable,0.1800859336253997,0.19413763981979437,"{'R': 18, 'T': 10, 'b': '1,1,1', 'm': 0.27, 's': 0.038}"
Gyrogeminium serratus,-1,0.9584803242323346,stable,0.18359330207694274,0.04598304087161248,"{'R': 18, 'T': 10, 'b': '1/2,1,1/2', 'm': 0.24, 's': 0.03}"
Circogeminium ventilans,-1,0.9555363361398506,stable,0.1954974062217757,0.16609640831935726,"{'R': 18, 'T': 10, 'b': '1,1,1', 'm': 0.29, 's': 0.035}"
Kronium solidus,-1,0.9789705230309674,stable,0.058619688776538885,0.060830428572039484,"{'R': 18, 'T': 10, 'b': '1,1/2,1/2,1', 'm': 0.22, 's': 0.029}"
Kronium tardus,-1,0.9843709525347922,stable,0.05460633582725883,0.04721977892098967,"{'R': 18, 'T': 10, 'b': '1,1/3', 'm': 0.34, 's': 0.062}"
Kronium vagus,-1,0.9791290462018399,stable,0.0626115683971649,0.05800792024335841,"{'R': 18, 'T': 10, 'b': '1,1/3', 'm': 0.22, 's': 0.025}"
Kronium saliens,-1,0.9764658686318983,stable,0.06721513058545601,0.06982122823343971,"{'R': 15, 'T': 10, 'b': '1/2,1/2,1', 'm': 0.23, 's': 0.031}"
Kronium limus,-1,0.9736748278501269,stable,0.08754801899773677,0.08614248094890958,"{'R': 18, 'T': 10, 'b': '5/6,1', 'm': 0.22, 's': 0.03}"
Kronium dividuus,-1,0.9786672684722315,stable,0.06977285228809987,0.07067054436270828,"{'R': 18, 'T': 10, 'b': '1,1/3', 'm': 0.24, 's': 0.03}"
Kronium solidus,-1,0.975089206889209,stable,0.058619688776538885,0.08441968514719923,"{'R': 18, 'T': 10, 'b': '1,1/2,1/2,1', 'm': 0.22, 's': 0.029}"
Kronium solidus,14,,,0.058619688776538885,,"{'R': 18, 'T': 10, 'b': '1,1/2,1/2,1', 'm': 0.22, 's': 0.029}"
Kronium saliens,-1,0.9774347270598437,stable,0.06721513058545601,0.0896472516010371,"{'R': 15, 'T': 10, 'b': '1/2,1/2,1', 'm': 0.23, 's': 0.031}"
Gyrokronium,-1,0.9870181953520676,stable,0.06663098148261833,0.06586170788251879,"{'R': 18, 'T': 10, 'b': '1,1/3', 'm': 0.22, 's': 0.026}"
Argentokronium,-1,0.9774281437925876,stable,0.07319576178149625,0.07096244034984937,"{'R': 18, 'T': 10, 'b': '1,1/3', 'm': 0.24, 's': 0.025}"
Ferrokronium solidus,-1,0.9726479569376056,stable,0.08482254248637415,0.0860510914091005,"{'R': 18, 'T': 10, 'b': '1,1/2,1/4,3/4', 'm': 0.25, 's': 0.033}"
Ferrokronium valvatus centrale,-1,0.9749566670073837,stable,0.08437619126545397,0.08404140973788135,"{'R': 18, 'T': 10, 'b': '1,1', 'm': 0.23, 's': 0.033}"
Ferrokronium valvatus laterale,-1,0.9742431836615729,stable,0.08513903961991288,0.0841500063750347,"{'R': 18, 'T': 10, 'b': '1,1', 'm': 0.24, 's': 0.036}"
Ferrokronium tardus,-1,0.9727469326214625,stable,0.0787424212605578,0.07923388257194998,"{'R': 18, 'T': 10, 'b': '1,1', 'm': 0.36, 's': 0.068}"
Ferrokronium circularis,-1,0.9773122109963451,stable,0.06969321538915366,0.07027157329832118,"{'R': 18, 'T': 10, 'b': '1,1', 'm': 0.29, 's': 0.053}"
Ferrokronium solidus,-1,0.9698363244645752,stable,0.08482254248637415,0.07951794046114025,"{'R': 18, 'T': 10, 'b': '1,1/2,1/4,3/4', 'm': 0.25, 's': 0.033}"
Ferrokronium saliens,-1,0.9734203877243492,stable,0.0783583285023618,0.07678575229286208,"{'R': 18, 'T': 10, 'b': '1,1/2,1/4,3/4', 'm': 0.28, 's': 0.037}"
Aurokronium arcus,-1,0.9682696096402789,stable,0.09543071025817085,0.09558359931467106,"{'R': 18, 'T': 10, 'b': '1,1/3', 'm': 0.27, 's': 0.036}"
Aurokronium cavus,-1,0.9715452502547304,stable,0.08156240105187956,0.08211627164513816,"{'R': 18, 'T': 10, 'b': '1,1/3', 'm': 0.22, 's': 0.024}"
Synkronium arcus,-1,0.963039708137159,stable,0.10365904289937675,0.10506444916832346,"{'R': 18, 'T': 10, 'b': '1,1/3', 'm': 0.29, 's': 0.033}"
Synkronium cavus,-1,0.9660029991461881,stable,0.09670600135444801,0.0964589283022381,"{'R': 18, 'T': 10, 'b': '1,1/3', 'm': 0.24, 's': 0.025}"
Florakronium arcus,-1,0.9616319772095591,stable,0.10849373254625869,0.11156976849864927,"{'R': 18, 'T': 10, 'b': '1,1/2', 'm': 0.28, 's': 0.035}"
Florakronium cavus,-1,0.9729324159817496,stable,0.0993509065068472,0.04411516882733922,"{'R': 18, 'T': 10, 'b': '1,1/2', 'm': 0.24, 's': 0.0235}"
Allikronium,-1,0.5399345355422186,soup,0.12290212409806474,1.1537692565826352,"{'R': 27, 'T': 10, 'b': '1,3/4,1/12', 'm': 0.22, 's': 0.026}"
Parakronium arcus,-1,0.9555779616248347,stable,0.12424519986946828,0.12606639212049978,"{'R': 18, 'T': 10, 'b': '1,1/3', 'm': 0.29, 's': 0.033}"
Parakronium cavus,-1,0.9574174339145788,stable,0.12183672339971076,0.12356138377036602,"{'R': 18, 'T': 10, 'b': '1,1/3', 'm': 0.25, 's': 0.029}"
Pentakronium arcus,-1,0.9455625889600059,stable,0.14666714054409064,0.14926597028167865,"{'R': 18, 'T': 10, 'b': '1,1/3', 'm': 0.29, 's': 0.034}"
Pentakronium cavus,-1,0.9476925581626856,stable,0.14296535486611076,0.13918202780936992,"{'R': 18, 'T': 10, 'b': '1,1/3', 'm': 0.26, 's': 0.029}"
Hexakronium arcus,-1,0.9365624020308785,stable,0.16710983988415706,0.1696433903529232,"{'R': 18, 'T': 10, 'b': '1,1/3', 'm': 0.29, 's': 0.034}"
Hexakronium cavus,-1,0.9428366657374024,stable,0.14421284974962537,0.14996648812012947,"{'R': 18, 'T': 10, 'b': '1,1/3', 'm': 0.25, 's': 0.026}"
Heptakronium arcus,-1,0.929165680197343,stable,0.18713209657921032,0.18774172487525143,"{'R': 18, 'T': 10, 'b': '1,1/3', 'm': 0.29, 's': 0.034}"
Tetracaudokronium cavus,-1,0.7718895528014539,soup,0.1292911572085819,0.6541930896024103,"{'R': 27, 'T': 10, 'b': '1,1/12,1/12', 'm': 0.26, 's': 0.029}"
Pentacaudokronium cavus,-1,0.940652123331336,stable,0.14330066613947265,0.14376653725733476,"{'R': 27, 'T': 10, 'b': '1,1/12,1/12', 'm': 0.25, 's': 0.026}"
Hexacaudokronium cavus,-1,0.9356327618207474,stable,0.16618738231381444,0.16412800058845167,"{'R': 27, 'T': 10, 'b': '1,1/12,1/12', 'm': 0.243, 's': 0.0233}"
Catenokronium cinguli,154,,,0.2950328181365156,,"{'R': 18, 'T': 10, 'b': '1,1/3', 'm': 0.32, 's': 0.0368}"
Tetravolvium,-1,0.6592552552174924,soup,0.07610883175631897,0.8883163537412517,"{'R': 18, 'T': 10, 'b': '1,1/3', 'm': 0.24, 's': 0.0281}"
Hexavolvium,-1,0.993973949417338,stable,0.10660484128069117,0.10426690444281027,"{'R': 18, 'T': 10, 'b': '1,1/3', 'm': 0.29, 's': 0.033}"
Hexavolvium resiliens,-1,0.9788576153272963,stable,0.11518271438622074,0.04618502476638278,"{'R': 18, 'T': 10, 'b': '1,1/2', 'm': 0.27, 's': 0.033}"
Hexavolvium ulterior,-1,0.9949206711535877,stable,0.10585288880334491,0.10737110993477855,"{'R': 18, 'T': 10, 'b': '1,7/12', 'm': 0.27, 's': 0.034}"
Crucium arcus,-1,0.9548012230450447,stable,0.11591957857869403,0.11627530967361575,"{'R': 27, 'T': 10, 'b': '1,2/3,1/3', 'm': 0.25, 's': 0.033}"
Crucium arcus valvatus,-1,0.9586523498274532,stable,0.11418283236318293,0.11121925822227498,"{'R': 27, 'T': 10, 'b': '1,2/3,1/3', 'm': 0.22, 's': 0.024}"
Crucium arcus anulus,-1,0.9559464869523473,stable,0.12678560817555798,0.1280299765206195,"{'R': 27, 'T': 10, 'b': '1,1/3,1/3', 'm': 0.31, 's': 0.043}"
Crucium arcus vagus,-1,0.9691746542262216,stable,0.09727728660089247,0.11276472424996276,"{'R': 27, 'T': 10, 'b': '1,7/12,1', 'm': 0.23, 's': 0.024}"
Crucium arcus vagus,12,,,0.09727728660089247,,"{'R': 27, 'T': 10, 'b': '1,7/12,1', 'm': 0.23, 's': 0.024}"
Crucium arcus gyrans,-1,0.9729663393800783,stable,0.11142662991166323,0.11298250358274092,"{'R': 27, 'T': 10, 'b': '1,2/3,1/3', 'm': 0.25, 's': 0.029}"
Crucium cavus,-1,0.9612983521186087,stable,0.0949875539548734,0.09187220126851513,"{'R': 27, 'T': 10, 'b': '1,1,1/3', 'm': 0.22, 's': 0.028}"
Crucium cavus anulus,-1,0.9620437489311655,stable,0.10883080987348599,0.10934527114655554,"{'R': 27, 'T': 10, 'b': '1,2/3,1/3', 'm': 0.32, 's': 0.045}"
Crucium crux,-1,0.9558649467096836,stable,0.1326077237099913,0.1321679057233313,"{'R': 27, 'T': 10, 'b': '1,1/6,5/12', 'm': 0.32, 's': 0.044}"
Crucium crux rotans,-1,0.9980345973979426,stable,0.13159089456297737,0.13318721041428613,"{'R': 27, 'T': 10, 'b': '1,1/3,2/3', 'm': 0.28, 's': 0.032}"
Crucium crux ventilans,-1,0.976226969138049,stable,0.13048632524675843,0.12273404257344943,"{'R': 27, 'T': 10, 'b': '1/4,1/4,1', 'm': 0.19, 's': 0.029}"
Crucium crux ventilans,-1,0.38250655704372194,soup,0.13048632524675843,1.3114186546088382,"{'R': 27, 'T': 10, 'b': '1/4,1/4,1', 'm': 0.19, 's': 0.029}"
Crucium,-1,0.9284985076972978,stable,0.2201227789255071,0.22326455760443556,"{'R': 36, 'T': 10, 'b': '1,2/3,1/3,2/3', 'm': 0.29, 's': 0.029}"
Crucium,-1,0.9338027943911933,stable,0.2201227789255071,0.18753253962017122,"{'R': 36, 'T': 10, 'b': '1,2/3,1/3,2/3', 'm': 0.29, 's': 0.029}"
Triradium lithos,-1,0.9979412683152826,stable,0.11726753548290447,0.12119665273920145,"{'R': 36, 'T': 10, 'b': '1,1/2,1/4,3/4', 'm': 0.23, 's': 0.014}"
Triradium gyrans,153,,,0.14625041060874708,,"{'R': 36, 'T': 10, 'b': '1,1/2,1/4,3/4', 'm': 0.21, 's': 0.013}"
Triradium rotans,-1,0.9748425394127953,stable,0.164064943191149,0.164732209383014,"{'R': 36, 'T': 10, 'b': '1,1/2,1/2,1/2', 'm': 0.24, 's': 0.019}"
Triradium ventilans,-1,0.9755041139490422,stable,0.17034932991471283,0.17543292163585927,"{'R': 36, 'T': 10, 'b': '1,1/2,1/2,1/2', 'm': 0.21, 's': 0.014}"
Triradium limus,-1,0.9678981278182416,stable,0.17785506308029692,0.16680994153069573,"{'R': 36, 'T': 10, 'b': '1,1/2,1/2,1/2', 'm': 0.27, 's': 0.022}"
Hexaradium solidus,-1,0.9378742053966851,stable,0.14821396030331413,0.14773827341009366,"{'R': 36, 'T': 10, 'b': '1,3/4,1/2,1/4', 'm': 0.19, 's': 0.018}"
Hexaradium valvatus,-1,0.939045047812382,stable,0.1475641223268264,0.14860193716124456,"{'R': 36, 'T': 10, 'b': '1,3/4,1/2,1/4', 'm': 0.24, 's': 0.027}"
Hexaradium lithos,-1,0.997654484701398,stable,0.11776985833018247,0.11855505249599066,"{'R': 36, 'T': 10, 'b': '1,2/3,1/3,1/3', 'm': 0.22, 's': 0.022}"
Tetrastrium rotans,-1,0.9975919940510132,stable,0.15885246005173126,0.1621468180004024,"{'R': 36, 'T': 10, 'b': '1,2/3,1/3,2/3', 'm': 0.17, 's': 0.017}"
Astrium solidus,-1,0.9447000577613032,stable,0.15483258977910203,0.1572113607949791,"{'R': 36, 'T': 10, 'b': '1,1/3,2/3,1', 'm': 0.19, 's': 0.025}"
Astrium limus,-1,0.946462262207989,stable,0.15265747982018316,0.1571672334765108,"{'R': 27, 'T': 10, 'b': '1,1/2,1', 'm': 0.19, 's': 0.021}"
Astrium rotans,-1,0.9791935995426292,stable,0.1468315043722822,0.14648523891441945,"{'R': 36, 'T': 10, 'b': '1,1/4,1/2,1', 'm': 0.18, 's': 0.025}"
Astrium scintillans,-1,0.9636479333050405,stable,0.18971890199393235,0.21993271606317785,"{'R': 27, 'T': 10, 'b': '2/3,0,1', 'm': 0.31, 's': 0.035}"
Astrium inversus,-1,0.9626318736478008,stable,0.1726795360207627,0.20380862563891924,"{'R': 27, 'T': 10, 'b': '7/12,0,1', 'm': 0.33, 's': 0.048}"
Astrium reversus,-1,0.9411531824516591,stable,0.1719577023188018,0.17446284673210033,"{'R': 27, 'T': 10, 'b': '7/12,1/2,1', 'm': 0.3, 's': 0.054}"
Astrium solidus,-1,0.9305095458932201,stable,0.15483258977910203,0.22600285430225892,"{'R': 36, 'T': 10, 'b': '1,1/3,2/3,1', 'm': 0.19, 's': 0.025}"
Astrium currens,-1,0.9141162720047639,stable,0.20040895861207447,0.2094365488704694,"{'R': 36, 'T': 10, 'b': '1,1/3,2/3,1', 'm': 0.2, 's': 0.022}"
Astrium rotans,10,,,0.1468315043722822,,"{'R': 36, 'T': 10, 'b': '1,1/4,1/2,1', 'm': 0.18, 's': 0.025}"
Astrium rotans,-1,0.3891387540912139,soup,0.1468315043722822,1.295466953792721,"{'R': 36, 'T': 10, 'b': '1,1/4,1/2,1', 'm': 0.18, 's': 0.025}"
Astrium nausia,-1,0.9456354646020881,stable,0.2296408959264733,0.2260026244365342,"{'R': 36, 'T': 10, 'b': '1,1/6,1/6,3/4', 'm': 0.22, 's': 0.021}"
Hexastrium,-1,0.9452065453664975,stable,0.11669773179778459,0.1225230628807875,"{'R': 36, 'T': 10, 'b': '1,1/4,1/2,1', 'm': 0.18, 's': 0.023}"
Hexastrium rotans,-1,0.965965833193103,stable,0.14615098279173017,0.14866015305092647,"{'R': 27, 'T': 10, 'b': '1,1/3,2/3', 'm': 0.25, 's': 0.035}"
Hexastrium,13,,,0.11669773179778459,,"{'R': 36, 'T': 10, 'b': '1,1/4,1/2,1', 'm': 0.18, 's': 0.023}"
Quadrium solidus,-1,0.9323674799691615,stable,0.15326031914000712,0.15490709763629765,"{'R': 36, 'T': 10, 'b': '1,2/3,1/3,2/3', 'm': 0.16, 's': 0.01}"
Quadrium minus,-1,0.9405727562315261,stable,0.1346030201178617,0.13778981162215148,"{'R': 36, 'T': 10, 'b': '1,1/2,1/6,1/3', 'm': 0.16, 's': 0.011}"
Quadrium gyrans,-1,0.9343974759001153,stable,0.15793128348078228,0.15933793817440906,"{'R': 36, 'T': 10, 'b': '1,1/2,1/3,5/12', 'm': 0.22, 's': 0.022}"
Quadrium vagus,-1,0.9457987695641951,stable,0.1471313497023207,0.131403542964445,"{'R': 36, 'T': 10, 'b': '1,2/3,1/3,2/3', 'm': 0.13, 's': 0.007}"
Cumulocircium lithos,-1,0.999182050848638,stable,0.02586751494930209,0.028859348433167942,"{'R': 36, 'T': 10, 'b': '1,2/3,1/3,2/3', 'm': 0.16, 's': 0.011}"
Cumulocircium scintillans,-1,0.9315103805596954,stable,0.3171024669315367,0.12292528497708594,"{'R': 36, 'T': 10, 'b': '1,2/3,1/3,2/3', 'm': 0.18, 's': 0.0155}"
Cumulocircium scintillans,-1,0.33589178611565207,soup,0.3171024669315367,1.1838812521867885,"{'R': 36, 'T': 10, 'b': '1,2/3,1/3,2/3', 'm': 0.18, 's': 0.0155}"
Cumulocircium lithos,10,,,0.02586751494930209,,"{'R': 36, 'T': 10, 'b': '1,2/3,1/3,2/3', 'm': 0.16, 's': 0.011}"
Cumulocircium scintillans,-1,0.936460901463818,stable,0.3171024669315367,0.16984622552533582,"{'R': 36, 'T': 10, 'b': '1,2/3,1/3,2/3', 'm': 0.18, 's': 0.0155}"
Cumulocircium lithos,10,,,0.02586751494930209,,"{'R': 36, 'T': 10, 'b': '1,2/3,1/3,2/3', 'm': 0.16, 's': 0.011}"
Dicircium inversus,-1,0.9970198864546397,stable,0.062056877360502534,0.06214293140931986,"{'R': 18, 'T': 10, 'b': '1,1/3', 'm': 0.31, 's': 0.042}"
Dicircium rotans,-1,0.9979895679034682,stable,0.04715294215001204,0.0461590371775232,"{'R': 18, 'T': 10, 'b': '1,1/3', 'm': 0.36, 's': 0.06}"
Dicircium limus,-1,0.9967958708673248,stable,0.05651914751363819,0.057642306175673425,"{'R': 18, 'T': 10, 'b': '1,1/3', 'm': 0.29, 's': 0.038}"
Tricircium inversus,-1,0.9918227401384156,stable,0.0534995215315276,0.06268386834535809,"{'R': 18, 'T': 10, 'b': '1,1/3', 'm': 0.25, 's': 0.03}"
Tricircium rotans,-1,0.9992718026500882,stable,0.050448199116872226,0.048852411380220534,"{'R': 27, 'T': 10, 'b': '1,2/3,1/3', 'm': 0.2, 's': 0.017}"
Tricircium torquens,-1,0.9929608142011774,stable,0.05048994346328133,0.04758158720654401,"{'R': 18, 'T': 10, 'b': '1,1/2', 'm': 0.25, 's': 0.028}"
Tricircium vagus,-1,0.9937653860492321,stable,0.05078785771856013,0.045994917010949925,"{'R': 18, 'T': 10, 'b': '1,1/3', 'm': 0.31, 's': 0.044}"
Tricircium rotans,18,,,0.050448199116872226,,"{'R': 27, 'T': 10, 'b': '1,2/3,1/3', 'm': 0.2, 's': 0.017}"
Tetrcircium torquens,-1,0.996374260714831,stable,0.0448208075362845,0.03937661068901195,"{'R': 18, 'T': 10, 'b': '1,1', 'm': 0.22, 's': 0.021}"
Tetrcircium lithos,-1,0.9989847411190725,stable,0.03300942197204573,0.032524074573571184,"{'R': 18, 'T': 10, 'b': '1,2/3', 'm': 0.24, 's': 0.024}"
Pentcircium rotans,-1,0.9880693558725073,stable,0.0803351813671074,0.07992533419707513,"{'R': 27, 'T': 10, 'b': '1,1,1/2', 'm': 0.19, 's': 0.014}"
Pentcircium inversus,-1,0.9908136699229496,stable,0.07777131996857783,0.07635870317841442,"{'R': 27, 'T': 10, 'b': '1,2/3,1/3', 'm': 0.23, 's': 0.026}"
Hexcircium inversus,-1,0.9879255915702959,stable,0.08933505218727651,0.10413582374964311,"{'R': 27, 'T': 10, 'b': '1,1/3,1/3', 'm': 0.24, 's': 0.027}"
Heptcircium lithos,-1,0.9984662747719624,stable,0.09710009611812784,0.0944931440124356,"{'R': 36, 'T': 10, 'b': '1,1/3,2/3', 'm': 0.21, 's': 0.016}"
Heptcircium ventilans,-1,0.9918505284905667,stable,0.10552018374966983,0.08993665909759202,"{'R': 36, 'T': 10, 'b': '1,1/3,2/3', 'm': 0.17, 's': 0.012}"
Octcircium lithos,-1,0.9970828908721875,stable,0.09755159142389737,0.09399273679785401,"{'R': 36, 'T': 10, 'b': '1,1/3,2/3', 'm': 0.21, 's': 0.019}"
Octcircium ventilans,-1,0.986203100024222,stable,0.11704106587589602,0.10815820832296867,"{'R': 36, 'T': 10, 'b': '1,3/4,1/2,1/4', 'm': 0.18, 's': 0.017}"
Deccircium lithos,-1,0.9978481091043393,stable,0.08229846256109362,0.08239831841650462,"{'R': 36, 'T': 10, 'b': '1,0,0,2/3', 'm': 0.18, 's': 0.022}"
Hexadentium rotans,-1,0.9816330269372393,stable,0.10318265074094626,0.09999202270426935,"{'R': 18, 'T': 10, 'b': '1,3/4', 'm': 0.27, 's': 0.039}"
Hexadentium scintillans,-1,0.9815274404904435,stable,0.08666640642841818,0.08644363291417793,"{'R': 18, 'T': 10, 'b': '1,3/4', 'm': 0.18, 's': 0.018}"
Hexadentium torquens,-1,0.9908734366831161,stable,0.07881912667328864,0.059162058638674284,"{'R': 18, 'T': 10, 'b': '1,2/3', 'm': 0.28, 's': 0.039}"
Heptadentium rotans,-1,0.9898491221618493,stable,0.11643290689688225,0.11105930158293276,"{'R': 18, 'T': 10, 'b': '1,5/6', 'm': 0.3, 's': 0.046}"
Heptadentium scintillans,-1,0.9835630056753988,stable,0.10151004246794984,0.10520084113442153,"{'R': 18, 'T': 10, 'b': '1,5/6', 'm': 0.2, 's': 0.021}"
Octadentium rotans,-1,0.9953912287588539,stable,0.1363983849658326,0.13682689471609305,"{'R': 18, 'T': 10, 'b': '1,1', 'm': 0.27, 's': 0.035}"
Octadentium scintillans,-1,0.9775664961643654,stable,0.12856035043474504,0.12847554238805778,"{'R': 18, 'T': 10, 'b': '1,1', 'm': 0.23, 's': 0.028}"
Octadentium alternatus,-1,0.6014689592761158,soup,0.12410567006445125,1.1177515525466297,"{'R': 18, 'T': 10, 'b': '1,1', 'm': 0.22, 's': 0.024}"
Nonadentium rotans,-1,0.9598232638765214,stable,0.1580168582428617,0.15899640154826405,"{'R': 18, 'T': 10, 'b': '1,1', 'm': 0.27, 's': 0.033}"
Decadentium rotans bioculi,-1,0.9723318090179575,stable,0.17690704121404552,0.17520768425267974,"{'R': 18, 'T': 10, 'b': '1,1', 'm': 0.28, 's': 0.036}"
Decadentium rotans trioculi,-1,0.9667062434890641,stable,0.15957556411155183,0.15938353397446864,"{'R': 18, 'T': 10, 'b': '1,5/6', 'm': 0.28, 's': 0.035}"
Decadentium rotans,-1,0.9588509051978167,stable,0.15242752495047518,0.1549489537078811,"{'R': 36, 'T': 10, 'b': '1,3/4,1/2,1/4', 'm': 0.15, 's': 0.011}"
Decadentium rotans,-1,0.9740759024665393,stable,0.15242752495047518,0.14123465158941945,"{'R': 36, 'T': 10, 'b': '1,3/4,1/2,1/4', 'm': 0.15, 's': 0.011}"
Decadentium vagus,-1,0.9566235667595919,stable,0.14094945673306875,0.14600984842357156,"{'R': 36, 'T': 10, 'b': '2/3,1,2/3,1/3', 'm': 0.13, 's': 0.012}"
Decadentium volubilis,-1,0.9428743048352425,stable,0.13717548681910102,0.13710567251748257,"{'R': 36, 'T': 10, 'b': '2/3,1,2/3,1/3', 'm': 0.15, 's': 0.014}"
Undecadentium rotans,-1,0.9960098655000641,stable,0.15859462195182528,0.15972301059990088,"{'R': 36, 'T': 10, 'b': '1,3/4,1/2,1/4', 'm': 0.18, 's': 0.018}"
Undecadentium scintillans,-1,0.9784371851866924,stable,0.162520465269531,0.16312675925326198,"{'R': 36, 'T': 10, 'b': '1,3/4,1/2,1/4', 'm': 0.15, 's': 0.013}"
Dodecadentium rotans,-1,0.9865694709244109,stable,0.18784039318823736,0.18466465253261208,"{'R': 36, 'T': 10, 'b': '1,3/4,1/2,1/4', 'm': 0.2, 's': 0.022}"
Dodecadentium scintillans,-1,0.9581000804452742,stable,0.17841515079882256,0.1790477212951884,"{'R': 36, 'T': 10, 'b': '1,3/4,1/2,1/4', 'm': 0.16, 's': 0.014}"
Dodecadentium nausia,-1,0.9656909836835172,stable,0.18814396666246083,0.18175832419724935,"{'R': 27, 'T': 10, 'b': '2/3,1,1/3', 'm': 0.27, 's': 0.033}"
Tridecadentium rotans,-1,0.9300990455996642,stable,0.19141442734899172,0.14026015949698145,"{'R': 36, 'T': 10, 'b': '1,3/4,1/2,1/4', 'm': 0.18, 's': 0.015}"
Bifolium lithos,-1,0.9981808210264682,stable,0.07086084576024988,0.07100472217918788,"{'R': 27, 'T': 10, 'b': '3/4,1,1/4', 'm': 0.24, 's': 0.033}"
Bifolium lithos limus,-1,0.9964945543333479,stable,0.06685211389446942,0.06579401254027632,"{'R': 27, 'T': 10, 'b': '3/4,1,1/4', 'm': 0.24, 's': 0.03}"
Tetrafolium lithos,-1,0.9924430497364073,stable,0.0799273315561707,0.08162851716603231,"{'R': 27, 'T': 10, 'b': '1,1,1/3', 'm': 0.24, 's': 0.033}"
Pentafolium lithos,-1,0.9960800631247648,stable,0.04833585794237732,0.04850375302285092,"{'R': 18, 'T': 10, 'b': '1,1', 'm': 0.26, 's': 0.038}"
Pentafolium incarceratus,-1,0.9891731067722924,stable,0.06635753447869504,0.06189871654529478,"{'R': 18, 'T': 10, 'b': '1/4,1/6,1', 'm': 0.25, 's': 0.033}"
Pentafolium incarceratus,14,,,0.06635753447869504,,"{'R': 18, 'T': 10, 'b': '1/4,1/6,1', 'm': 0.25, 's': 0.033}"
Hexafolium incarceratus,-1,0.9718701842815427,stable,0.09413336230630649,0.09003962963568057,"{'R': 18, 'T': 10, 'b': '1/2,0,1', 'm': 0.2, 's': 0.027}"
Octafolium lithos,-1,0.9958129109687728,stable,0.0773269338006681,0.0820697503068476,"{'R': 36, 'T': 10, 'b': '1,1,0,1', 'm': 0.22, 's': 0.024}"
Octafolium lithos limus,-1,0.9936618586753224,stable,0.08846388016506415,0.08387189086434764,"{'R': 27, 'T': 10, 'b': '5/12,1,3/4', 'm': 0.24, 's': 0.033}"
Octafolium tardus,-1,0.9530268766492561,stable,0.14019828102580134,0.1430283691306506,"{'R': 27, 'T': 10, 'b': '1,1/3,2/3', 'm': 0.27, 's': 0.041}"
Octafolium lithos,10,,,0.0773269338006681,,"{'R': 36, 'T': 10, 'b': '1,1,0,1', 'm': 0.22, 's': 0.024}"
Dodecafolium lithos,-1,0.9970176224612256,stable,0.11855670244426435,0.1167147097097455,"{'R': 36, 'T': 10, 'b': '1,2/3,1/3,2/3', 'm': 0.16, 's': 0.013}"
Dodecafolium ventilans,-1,0.9957553127433608,stable,0.1762928902468549,0.1769576400001555,"{'R': 36, 'T': 10, 'b': '1/2,7/12,3/4,1', 'm': 0.23, 's': 0.019}"
Heptafolium nausia,-1,0.9888086960290831,stable,0.13704443384063802,0.1389202903467149,"{'R': 36, 'T': 10, 'b': '1,1/2,1/3,5/12', 'm': 0.16, 's': 0.012}"
Nonafolium lithos,-1,0.9951347848410751,stable,0.09290545665703644,0.09919238706658651,"{'R': 36, 'T': 10, 'b': '1,3/4,1/2,1/4', 'm': 0.13, 's': 0.008}"
Nonafolium rotans,-1,0.9605910816585441,stable,0.1441425713710801,0.1430845397668621,"{'R': 36, 'T': 10, 'b': '1,3/4,1/2,1/4', 'm': 0.17, 's': 0.012}"
Dodecafolium lithos,69,,,0.11855670244426435,,"{'R': 36, 'T': 10, 'b': '1,2/3,1/3,2/3', 'm': 0.16, 's': 0.013}"
Tridecafolium lithos,-1,0.9292282080478903,stable,0.22601566917385046,0.15836311699421096,"{'R': 36, 'T': 10, 'b': '1,2/3,1/3,2/3', 'm': 0.16, 's': 0.015}"
Bug (smaller),54,,,0.03994265671885843,,"{'R': 13, 'T': 1, 'b': '1', 'm': 0.31, 's': 0.049, 'kn': 3, 'gn': 2}"
Bug (bigger),-1,0.6907842172302323,soup,0.13772657909321195,1.3432579673306375,"{'R': 26, 'T': 1, 'b': '1', 'm': 0.31, 's': 0.05, 'kn': 3, 'gn': 2}"
